{
  "(0, 0)": {
    "up": 49.602520029079315,
    "down": 64.98805463616186,
    "left": 53.871122333114656,
    "right": 58.29001600852598
  },
  "(0, 1)": {
    "up": 15.213740787808472,
    "down": 73.0786381226963,
    "left": 10.618668234596216,
    "right": -1.1437627950288487
  },
  "(1, 1)": {
    "up": 54.992315866683334,
    "down": 83.00035860502139,
    "left": 58.439732726175684,
    "right": 67.93672956192623
  },
  "(1, 2)": {
    "up": 5.464602247145562,
    "down": 49.9667968924523,
    "left": 28.77891277678442,
    "right": 79.91769136129471
  },
  "(0, 2)": {
    "up": 2.611682828307457,
    "down": 6.766702600362523,
    "left": 11.875039157811589,
    "right": 43.212125284580516
  },
  "(2, 2)": {
    "up": 70.32158845019296,
    "down": 61.71582782265608,
    "left": 75.42054807714473,
    "right": 91.00657370499691
  },
  "(2, 3)": {
    "up": 80.69743294065287,
    "down": 79.09306353921077,
    "left": 73.72228186042088,
    "right": 90.34749499892024
  },
  "(2, 4)": {
    "up": 71.80748902263966,
    "down": 81.8178959827969,
    "left": 88.33743444557979,
    "right": 79.89887400317764
  },
  "(3, 3)": {
    "up": 90.2320494843624,
    "down": 16.0749832434446,
    "left": 60.9291224592548,
    "right": 80.70938247206749
  },
  "(3, 4)": {
    "up": 91.5588999942076,
    "down": 19.976419630844525,
    "left": 81.68487161006426,
    "right": 80.42513005774656
  },
  "(1, 4)": {
    "up": 81.76988625510837,
    "down": 90.04950482581359,
    "left": 80.09759850922725,
    "right": 71.65437092687516
  },
  "(1, 3)": {
    "up": 66.57109564691555,
    "down": 91.56197413726305,
    "left": 70.06308649107022,
    "right": 70.6588835555358
  },
  "(0, 4)": {
    "up": 87.1804043049706,
    "down": 68.70712724800234,
    "left": 68.34768344802428,
    "right": 76.09356772035389
  },
  "(0, 3)": {
    "up": 12.436515379485549,
    "down": 78.51901323429335,
    "left": 4.686085500939448,
    "right": 15.316999168225442
  },
  "(1, 0)": {
    "up": 55.42068867066582,
    "down": 63.20284614236285,
    "left": 61.593618751873215,
    "right": 73.4124435200949
  },
  "(2, 0)": {
    "up": 12.242834722342256,
    "down": -0.19,
    "left": 6.795875130336826,
    "right": 82.50617497678732
  },
  "(3, 0)": {
    "up": -0.1,
    "down": -0.1,
    "left": -0.1,
    "right": 1.6762899837378755
  },
  "(2, 1)": {
    "up": 72.0823898687996,
    "down": 44.091993683683185,
    "left": 68.48470532504142,
    "right": 81.43759614667509
  },
  "(3, 1)": {
    "up": 74.10371773974546,
    "down": -0.1,
    "left": 0.0,
    "right": 5.290270641043872
  },
  "(3, 2)": {
    "up": 37.59712955636243,
    "down": 5.48895473786304,
    "left": 16.17912323360011,
    "right": 81.03517284207376
  },
  "(4, 3)": {
    "up": 14.939740590987334,
    "down": 5.1570187819025435,
    "left": 6.67138867084598,
    "right": 19.76054969634876
  },
  "(4, 2)": {
    "up": 34.19469308049358,
    "down": -0.1,
    "left": 0.0,
    "right": 1.6704382341171309
  },
  "(4, 0)": {
    "up": -0.1,
    "down": -0.1,
    "left": -0.1,
    "right": -0.1
  },
  "(4, 1)": {
    "up": 0.0,
    "down": 0.0,
    "left": -0.1,
    "right": -0.0941043047403769
  }
}