{
  "(0, 0)": {
    "up": 1.8340050892573032,
    "down": 5.867344055416524,
    "left": 4.609315788214068,
    "right": 2.197068024844164
  },
  "(0, 1)": {
    "up": 1.3287125894373402,
    "down": -1.1712979026918162,
    "left": 3.6650709934669297,
    "right": -10.6016142026527
  },
  "(1, 0)": {
    "up": 2.869008657695732,
    "down": 1.234683948583553,
    "left": 2.0487599466812476,
    "right": 8.660824119089062
  },
  "(2, 0)": {
    "up": 1.411315604353823,
    "down": 4.2411867144606745,
    "left": -1.0865922579937093,
    "right": -0.031708792299429175
  },
  "(2, 1)": {
    "up": 4.447664620554389,
    "down": -1.4510994118489156,
    "left": 1.3435528523829752,
    "right": 12.123424348675208
  },
  "(3, 1)": {
    "up": 5.324933050040212,
    "down": 8.992569257539518,
    "left": -2.700075501287385,
    "right": 6.179942857142858
  },
  "(1, 1)": {
    "up": 1.73435449071857,
    "down": 4.044121673627822,
    "left": 7.776071998660981,
    "right": 9.585061108359112
  },
  "(1, 2)": {
    "up": 4.260376188241461,
    "down": 11.665602784017349,
    "left": 6.443740051770256,
    "right": 7.769071888053366
  },
  "(2, 2)": {
    "up": 11.323210233075121,
    "down": 11.05212894299604,
    "left": 11.93181388017377,
    "right": 13.977950544707648
  },
  "(3, 3)": {
    "up": 15.521637220051517,
    "down": 16.382857142857144,
    "left": 11.669382518861013,
    "right": 17.75914017252536
  },
  "(3, 2)": {
    "up": 12.673702531387946,
    "down": 13.236875,
    "left": 9.683000000000002,
    "right": 10.533364143461736
  },
  "(3, 4)": {
    "up": 13.545714827586208,
    "down": 20.0,
    "left": 16.6953874677251,
    "right": 15.383199999999999
  },
  "(2, 3)": {
    "up": 11.717431319581774,
    "down": 15.688409360529604,
    "left": 7.25382955442747,
    "right": 12.666146547058824
  },
  "(4, 1)": {
    "up": 11.808259048885828,
    "down": -12.88883700905282,
    "left": -3.043106473201628,
    "right": 13.1622092
  },
  "(1, 3)": {
    "up": 2.5639224084697076,
    "down": 14.200673892978724,
    "left": -3.682349704194334,
    "right": 8.882549444108221
  },
  "(1, 4)": {
    "up": -0.19174588231503945,
    "down": 11.97682601977903,
    "left": -2.312476995697312,
    "right": 9.3931751425
  },
  "(2, 4)": {
    "up": 9.388484000000002,
    "down": 15.174842940278154,
    "left": 8.412910612580673,
    "right": 15.036785714285715
  },
  "(4, 3)": {
    "up": 17.2,
    "down": 17.0,
    "left": 14.300000000000002,
    "right": 20.0
  },
  "(4, 2)": {
    "up": 3.3998000000000013,
    "down": 14.3,
    "left": 5.171443047215002,
    "right": 16.793
  },
  "(0, 2)": {
    "up": 8.12860747129666,
    "down": -0.5701198202065565,
    "left": -0.5485775389703214,
    "right": 8.313594333424897
  },
  "(0, 4)": {
    "up": 5.870330000000001,
    "down": -12.011338401138525,
    "left": 9.18125,
    "right": -22.831419399532965
  },
  "(0, 3)": {
    "up": -13.181260497912048,
    "down": 12.215912397141718,
    "left": -15.69893929843589,
    "right": -8.087356069981166
  },
  "(4, 0)": {
    "up": 3.089454050249565,
    "down": 3.928763095275799,
    "left": 10.831475228146708,
    "right": 5.177634962535632
  },
  "(3, 0)": {
    "up": -0.7555709541575775,
    "down": -0.11796054230412893,
    "left": 2.892612344943278,
    "right": 8.2566221420606
  }
}