{
  "(0, 0)": {
    "up": 31.050533248802793,
    "down": 42.37963775871575,
    "left": 27.51577560474751,
    "right": 17.032874312306156
  },
  "(0, 1)": {
    "up": 2.5802065123267055,
    "down": 8.091234294824215,
    "left": 30.585852215707455,
    "right": -2.8811457846701662
  },
  "(0, 2)": {
    "up": 3.6497588795871003,
    "down": -0.1,
    "left": 2.1191181968832105,
    "right": 48.74722479159437
  },
  "(1, 0)": {
    "up": 31.91534058491885,
    "down": 53.61851308321836,
    "left": 41.59934435334879,
    "right": 44.74416880343614
  },
  "(1, 1)": {
    "up": 2.2020658376352857,
    "down": 59.68639631567286,
    "left": 5.2722529147361135,
    "right": 5.075522700613912
  },
  "(2, 1)": {
    "up": 41.6670319432546,
    "down": 42.512057563711636,
    "left": 47.15041396916496,
    "right": 64.90929275063567
  },
  "(2, 0)": {
    "up": 38.50876381874282,
    "down": 17.789285683393295,
    "left": 50.53771025774492,
    "right": 65.45101186320265
  },
  "(3, 0)": {
    "up": -0.1,
    "down": -0.1,
    "left": 1.5004546217205286,
    "right": 39.50515155523126
  },
  "(3, 1)": {
    "up": 64.13452290423017,
    "down": -0.19931387313442375,
    "left": 0.0,
    "right": 0.0
  },
  "(2, 2)": {
    "up": 50.31778016993332,
    "down": 24.15044170979549,
    "left": 59.69825496286467,
    "right": 74.93496798917505
  },
  "(2, 3)": {
    "up": 59.83321912668308,
    "down": 51.36766339464201,
    "left": 63.07694940601169,
    "right": 74.67294139992894
  },
  "(3, 3)": {
    "up": 76.15675272172729,
    "down": 11.675014944786465,
    "left": 26.63139482520615,
    "right": 61.14181240776732
  },
  "(3, 2)": {
    "up": 62.40378189293771,
    "down": 3.740109211542576,
    "left": 9.522004847894546,
    "right": 28.38432902304115
  },
  "(3, 4)": {
    "up": 75.6859598626549,
    "down": 19.916508841641413,
    "left": 59.23284950008627,
    "right": 63.51375920631427
  },
  "(4, 2)": {
    "up": 20.336475021930816,
    "down": 0.0,
    "left": 0.6254026549965096,
    "right": -0.1
  },
  "(4, 3)": {
    "up": -0.1,
    "down": 0.42901999999999996,
    "left": -0.06616765173045261,
    "right": 18.707783622154665
  },
  "(1, 3)": {
    "up": 54.425421732783605,
    "down": 77.42647046931435,
    "left": 48.11905745032512,
    "right": 52.29347818618913
  },
  "(0, 3)": {
    "up": 49.82419430561282,
    "down": 46.52185854491947,
    "left": 12.920755772407896,
    "right": 72.3035535038118
  },
  "(1, 2)": {
    "up": 4.270700775269729,
    "down": 63.708859960839526,
    "left": 13.421308648084501,
    "right": 25.259850630796628
  },
  "(0, 4)": {
    "up": 62.31614608784813,
    "down": 53.96153782033221,
    "left": 59.70643248976237,
    "right": 70.12908607282252
  },
  "(1, 4)": {
    "up": 64.7317922031111,
    "down": 74.5674016813468,
    "left": 59.458527004637986,
    "right": 54.945458676662284
  },
  "(2, 4)": {
    "up": 55.193516748657444,
    "down": 65.26305933527327,
    "left": 73.84250398216535,
    "right": 66.84168655279
  },
  "(4, 4)": {
    "up": 0.0,
    "down": 0.0,
    "left": 0.0,
    "right": 0.0
  },
  "(4, 1)": {
    "up": 13.654152297687395,
    "down": 0.0,
    "left": 0.0,
    "right": -0.10900000000000001
  },
  "(4, 0)": {
    "up": 0.0,
    "down": 0.0,
    "left": 0.0,
    "right": 0.28862778285060126
  }
}